{"cameraAperture": [20.954999923706055, 15.290800094604492], "cameraApertureOffset": [0.0, 0.0], "cameraFisheyeLensP": [], "cameraFisheyeLensS": [], "cameraFisheyeMaxFOV": 0.0, "cameraFisheyeNominalHeight": 0, "cameraFisheyeNominalWidth": 0, "cameraFisheyeOpticalCentre": [0.0, 0.0], "cameraFisheyePolynomial": [0.0, 0.0, 0.0, 0.0, 0.0], "cameraFocalLength": 18.14756202697754, "cameraFocusDistance": 0.0, "cameraFStop": 0.0, "cameraModel": "pinhole", "cameraNearFar": [0.009999999776482582, 10000000.0], "cameraProjection": [1.7320507388416009, 0.0, 0.0, 0.0, 0.0, 3.079201313496179, 0.0, 0.0, 0.0, 0.0, 9.999999786482582e-10, -1.0, 0.0, 0.0, 0.009999999786482581, 0.0], "cameraViewTransform": [1.0, 0.0, 0.0, 0.0, 0.0, -0.08715574274765836, -0.9961946980917455, 0.0, 0.0, 0.9961946980917455, -0.08715574274765836, 0.0, -0.0, -0.7595645772888479, -2.945006222901408, 1.0], "metersPerSceneUnit": 1.0, "renderProductResolution": [1280, 720]}