{"cameraAperture": [20.954999923706055, 15.290800094604492], "cameraApertureOffset": [0.0, 0.0], "cameraFisheyeLensP": [], "cameraFisheyeLensS": [], "cameraFisheyeMaxFOV": 0.0, "cameraFisheyeNominalHeight": 0, "cameraFisheyeNominalWidth": 0, "cameraFisheyeOpticalCentre": [0.0, 0.0], "cameraFisheyePolynomial": [0.0, 0.0, 0.0, 0.0, 0.0], "cameraFocalLength": 18.14756202697754, "cameraFocusDistance": 0.0, "cameraFStop": 0.0, "cameraModel": "pinhole", "cameraNearFar": [0.009999999776482582, 10000000.0], "cameraProjection": [1.7320507388416009, 0.0, 0.0, 0.0, 0.0, 3.079201313496179, 0.0, 0.0, 0.0, 0.0, 9.999999786482582e-10, -1.0, 0.0, 0.0, 0.009999999786482581, 0.0], "cameraViewTransform": [1.0, 0.0, -3.2454377945459713e-14, 0.0, -3.2454377945459713e-14, 2.220446049250313e-16, -1.0, 0.0, 6.310887241768095e-30, 1.0, 2.220446049250313e-16, 0.0, -1.13590322809109e-13, -0.44999999999999923, -3.5, 1.0], "metersPerSceneUnit": 1.0, "renderProductResolution": [1280, 720]}