{"cameraAperture": [20.954999923706055, 15.290800094604492], "cameraApertureOffset": [0.0, 0.0], "cameraFisheyeLensP": [], "cameraFisheyeLensS": [], "cameraFisheyeMaxFOV": 0.0, "cameraFisheyeNominalHeight": 0, "cameraFisheyeNominalWidth": 0, "cameraFisheyeOpticalCentre": [0.0, 0.0], "cameraFisheyePolynomial": [0.0, 0.0, 0.0, 0.0, 0.0], "cameraFocalLength": 18.14756202697754, "cameraFocusDistance": 0.0, "cameraFStop": 0.0, "cameraModel": "pinhole", "cameraNearFar": [0.009999999776482582, 10000000.0], "cameraProjection": [1.7320507388416009, 0.0, 0.0, 0.0, 0.0, 3.079201313496179, 0.0, 0.0, 0.0, 0.0, 9.999999786482582e-10, -1.0, 0.0, 0.0, 0.009999999786482581, 0.0], "cameraViewTransform": [0.9965990122865748, 0.00247679058411588, -0.08236670576043446, 0.0, -0.08240393624957215, 0.02995447987211397, -0.9961487441271849, 0.0, 1.942890293094024e-16, 0.9995481952582345, 0.030056702347503905, 0.0, -0.27613734947857665, -0.6294906179049244, -4.712049098831033, 1.0], "metersPerSceneUnit": 1.0, "renderProductResolution": [1280, 720]}