{"cameraAperture": [20.954999923706055, 15.290800094604492], "cameraApertureOffset": [0.0, 0.0], "cameraFisheyeLensP": [], "cameraFisheyeLensS": [], "cameraFisheyeMaxFOV": 0.0, "cameraFisheyeNominalHeight": 0, "cameraFisheyeNominalWidth": 0, "cameraFisheyeOpticalCentre": [0.0, 0.0], "cameraFisheyePolynomial": [0.0, 0.0, 0.0, 0.0, 0.0], "cameraFocalLength": 18.14756202697754, "cameraFocusDistance": 0.0, "cameraFStop": 0.0, "cameraModel": "pinhole", "cameraNearFar": [0.009999999776482582, 10000000.0], "cameraProjection": [1.7320507388416009, 0.0, 0.0, 0.0, 0.0, 3.079201313496179, 0.0, 0.0, 0.0, 0.0, 9.999999786482582e-10, -1.0, 0.0, 0.0, 0.009999999786482581, 0.0], "cameraViewTransform": [1.0, -2.7192621468937816e-32, 2.7369110631344083e-48, 0.0, -2.7369110631344083e-48, -2.220446049250313e-16, -1.0, 0.0, 2.7192621468937816e-32, 1.0, -2.220446049250313e-16, 0.0, -1.2236679661022025e-32, -0.4500000000000007, -3.0075722344528706, 1.0], "metersPerSceneUnit": 1.0, "renderProductResolution": [1280, 720]}