{"cameraAperture": [20.954999923706055, 15.290800094604492], "cameraApertureOffset": [0.0, 0.0], "cameraFisheyeLensP": [], "cameraFisheyeLensS": [], "cameraFisheyeMaxFOV": 0.0, "cameraFisheyeNominalHeight": 0, "cameraFisheyeNominalWidth": 0, "cameraFisheyeOpticalCentre": [0.0, 0.0], "cameraFisheyePolynomial": [0.0, 0.0, 0.0, 0.0, 0.0], "cameraFocalLength": 18.14756202697754, "cameraFocusDistance": 0.0, "cameraFStop": 0.0, "cameraModel": "pinhole", "cameraNearFar": [0.009999999776482582, 10000000.0], "cameraProjection": [1.7320507388416009, 0.0, 0.0, 0.0, 0.0, 3.079201313496179, 0.0, 0.0, 0.0, 0.0, 9.999999786482582e-10, -1.0, 0.0, 0.0, 0.009999999786482581, 0.0], "cameraViewTransform": [0.9396926207859094, -8.326672684688674e-17, 0.3420201433256659, 0.0, 0.3420201433256659, 1.1102230246251565e-16, -0.9396926207859095, 0.0, 2.7755575615628914e-17, 1.0, 2.220446049250313e-16, 0.0, -1.1124282391680862, -0.45000000000000073, 5.9801758680411226, 1.0], "metersPerSceneUnit": 1.0, "renderProductResolution": [1280, 720]}